Factor_Key,kg_CO2e_per_factor_unit,Source,Version_Date,GWP_Basis
DIESEL_GAL_2025,10.242680,"EPA Emission Factors Hub 2025 (Table 1 petroleum products, AR5)",2025-01,AR5
GASOLINE_GAL_2025,8.811840,"EPA Emission Factors Hub 2025 (Table 1 petroleum products, AR5)",2025-01,AR5
PROPANE_GAL_2025,5.740810,"EPA Emission Factors Hub 2025 (Table 1 propane, AR5)",2025-01,AR5
NATGAS_2025,5.311450,"EPA Emission Factors Hub 2025 (Table 1 natural gas, AR5) per therm",2025-01,AR5
GRID_USAVG_2025,0.375286,"ENERGY STAR PM Tech Ref (Aug 2024) Fig.5 kg/MBtu × 0.003412 MBtu/kWh",2024-08,AR5
GRID_CAISO_2025,0.226420,"ENERGY STAR PM Tech Ref (Aug 2024) Fig.5 kg/MBtu × 0.003412 MBtu/kWh",2024-08,AR5
GRID_MRO_2025,0.427797,"ENERGY STAR PM Tech Ref (Aug 2024) Fig.5 kg/MBtu × 0.003412 MBtu/kWh (MROW as rep.)",2024-08,AR5
GRID_NPCC_2025,0.245118,"ENERGY STAR PM Tech Ref (Aug 2024) Fig.5 kg/MBtu × 0.003412 MBtu/kWh (NEWE as rep.)",2024-08,AR5
GRID_SERC_2025,0.407086,"ENERGY STAR PM Tech Ref (Aug 2024) Fig.5 kg/MBtu × 0.003412 MBtu/kWh (SRSO as rep.)",2024-08,AR5
